Country,Facebook,X (Twitter),Instagram,YouTube,Pinterest,LinkedIn,Reddit,Tumblr,news.ycombinator,Vimeo,VKontakte,MySpace,StumbleUpon,Other
Brunei,36.78,9.21,41.90,2.63,7.53,0.31,1.40,0.18,0.02,0.01,0.02,0,0,0.01
Cambodia,49.70,19.41,8.70,11.77,9.06,0.51,0.54,0.14,0,0,0.16,0,0,0.01
Indonesia,50.68,2.26,5.66,40.98,0.35,0.04,0.01,0.01,0,0,0,0,0,0
Laos,20.32,72.11,1.11,4.14,1.68,0.07,0.11,0.03,0.01,0,0.42,0,0,0
Malaysia,63.56,4.04,9.76,17.01,4.71,0.24,0.52,0.12,0,0,0.02,0,0,0.01
Myanmar,82.89,5.51,1.26,3.83,5,0.53,0.34,0.07,0,0,0.56,0,0,0
Philippines,87.45,1.58,3.32,4.71,1.90,0.20,0.72,0.10,0,0,0,0,0,0.01
Singapore,47.02,12.65,10.11,8.08,8.06,11.37,2.17,0.35,0.09,0.01,0.04,0.02,0,0.03
Thailand,16.35,71.97,2.09,6.06,2.34,0.17,0.14,0.05,0,0,0.83,0,0,0.01
Timor0Leste,97.87,0.38,0.88,0.37,0.44,0.05,0,0,0,0,0,0,0,0.01
Vietnam,66.82,6.50,5.34,13.55,6,0.54,0.75,0.30,0.03,0,0.13,0,0.03,0.01